{"colsample_bytree": 0.708783246587983, "gamma": 0.4114947045408335, "learning_rate": 0.1598884179693413, "max_depth": 3.0, "min_child_weight": 6.0, "reg_alpha": 4.0206872486061875e-07, "reg_lambda": 1.861234787218079e-09, "subsample": 0.8930685210118015}