{"colsample_bytree": 0.9201813121210972, "gamma": 0.9267101707474366, "learning_rate": 0.09460642171867423, "max_depth": 4.0, "min_child_weight": 7.0, "reg_alpha": 1.394929123710515e-10, "reg_lambda": 0.042527950213754245, "subsample": 0.7332417884052553}